{
  "header": {
	"gtfsRealtimeVersion": "1.0",
	"incrementality": "FULL_DATASET",
	"timestamp": 1512360505
  },
  "entities": {
	"2916": {
	  "isDeleted": false,
	  "tripUpdate": [],
	  "vehiclePosition": []
	},
	"2917": {
	  "isDeleted": false,
	  "tripUpdate": [],
	  "vehiclePosition": []
	},
	"2921": {
	  "isDeleted": false,
	  "tripUpdate": [],
	  "vehiclePosition": []
	},
	"7002": {
	  "isDeleted": false,
	  "tripUpdate": [],
	  "vehiclePosition": {
		"currentStopSequence": null,
		"stopId": null,
		"currentStatus": "IN_TRANSIT_TO",
		"timestamp": 1512360473,
		"congestionLevel": "NOT_SPECIFIED",
		"occupancyStatus": "NOT_SPECIFIED",
		"position": {
		  "latitude": 47.653968811035,
		  "longitude": -117.26320648193,
		  "bearing": 315,
		  "odometer": null,
		  "speed": null
		},
		"trip": {
		  "tripId": "568084",
		  "routeId": "90",
		  "directionId": null,
		  "startTime": null,
		  "startDate": "20171203",
		  "scheduleRelationship": "NOT_SPECIFIED"
		},
		"vehicle": {
		  "id": "2172",
		  "label": "7002",
		  "licensePlate": null
		}
	  }
	},
	"1407": {
	  "isDeleted": false,
	  "tripUpdate": [],
	  "vehiclePosition": {
		"currentStopSequence": null,
		"stopId": null,
		"currentStatus": "IN_TRANSIT_TO",
		"timestamp": 1512360474,
		"congestionLevel": "NOT_SPECIFIED",
		"occupancyStatus": "NOT_SPECIFIED",
		"position": {
		  "latitude": 47.717468261719,
		  "longitude": -117.43643951416,
		  "bearing": 180,
		  "odometer": null,
		  "speed": null
		},
		"trip": {
		  "tripId": "563770",
		  "routeId": "24",
		  "directionId": null,
		  "startTime": null,
		  "startDate": "20171203",
		  "scheduleRelationship": "NOT_SPECIFIED"
		},
		"vehicle": {
		  "id": "2407",
		  "label": "1407",
		  "licensePlate": null
		}
	  }
	},
	"2606": {
	  "isDeleted": false,
	  "tripUpdate": [],
	  "vehiclePosition": {
		"currentStopSequence": null,
		"stopId": null,
		"currentStatus": "IN_TRANSIT_TO",
		"timestamp": 1512360485,
		"congestionLevel": "NOT_SPECIFIED",
		"occupancyStatus": "NOT_SPECIFIED",
		"position": {
		  "latitude": 47.676128387451,
		  "longitude": -117.36245727539,
		  "bearing": 135,
		  "odometer": null,
		  "speed": null
		},
		"trip": {
		  "tripId": "565109",
		  "routeId": "32",
		  "directionId": null,
		  "startTime": null,
		  "startDate": "20171203",
		  "scheduleRelationship": "NOT_SPECIFIED"
		},
		"vehicle": {
		  "id": "2606",
		  "label": "2606",
		  "licensePlate": null
		}
	  }
	},
	"2611": {
	  "isDeleted": false,
	  "tripUpdate": [],
	  "vehiclePosition": {
		"currentStopSequence": null,
		"stopId": null,
		"currentStatus": "IN_TRANSIT_TO",
		"timestamp": 1512360501,
		"congestionLevel": "NOT_SPECIFIED",
		"occupancyStatus": "NOT_SPECIFIED",
		"position": {
		  "latitude": 47.715148925781,
		  "longitude": -117.41752624512,
		  "bearing": 270,
		  "odometer": null,
		  "speed": 4.3150776036782e-6
		},
		"trip": {
		  "tripId": "564559",
		  "routeId": "27",
		  "directionId": null,
		  "startTime": null,
		  "startDate": "20171203",
		  "scheduleRelationship": "NOT_SPECIFIED"
		},
		"vehicle": {
		  "id": "2611",
		  "label": "2611",
		  "licensePlate": null
		}
	  }
	},
	"2614": {
	  "isDeleted": false,
	  "tripUpdate": [],
	  "vehiclePosition": {
		"currentStopSequence": null,
		"stopId": null,
		"currentStatus": "IN_TRANSIT_TO",
		"timestamp": 1512360502,
		"congestionLevel": "NOT_SPECIFIED",
		"occupancyStatus": "NOT_SPECIFIED",
		"position": {
		  "latitude": 47.625518798828,
		  "longitude": -117.37477874756,
		  "bearing": 90,
		  "odometer": null,
		  "speed": null
		},
		"trip": {
		  "tripId": "566454",
		  "routeId": "44",
		  "directionId": null,
		  "startTime": null,
		  "startDate": "20171203",
		  "scheduleRelationship": "NOT_SPECIFIED"
		},
		"vehicle": {
		  "id": "2614",
		  "label": "2614",
		  "licensePlate": null
		}
	  }
	},
	"1601": {
	  "isDeleted": false,
	  "tripUpdate": [],
	  "vehiclePosition": {
		"currentStopSequence": null,
		"stopId": null,
		"currentStatus": "IN_TRANSIT_TO",
		"timestamp": 1512360476,
		"congestionLevel": "NOT_SPECIFIED",
		"occupancyStatus": "NOT_SPECIFIED",
		"position": {
		  "latitude": 47.642990112305,
		  "longitude": -117.60127258301,
		  "bearing": 270,
		  "odometer": null,
		  "speed": 5.1780934882117e-6
		},
		"trip": {
		  "tripId": "567156",
		  "routeId": "61",
		  "directionId": null,
		  "startTime": null,
		  "startDate": "20171203",
		  "scheduleRelationship": "NOT_SPECIFIED"
		},
		"vehicle": {
		  "id": "2621",
		  "label": "1601",
		  "licensePlate": null
		}
	  }
	},
	"1603": {
	  "isDeleted": false,
	  "tripUpdate": [],
	  "vehiclePosition": {
		"currentStopSequence": null,
		"stopId": null,
		"currentStatus": "IN_TRANSIT_TO",
		"timestamp": 1512360495,
		"congestionLevel": "NOT_SPECIFIED",
		"occupancyStatus": "NOT_SPECIFIED",
		"position": {
		  "latitude": 47.493118286133,
		  "longitude": -117.58220672607,
		  "bearing": 180,
		  "odometer": null,
		  "speed": null
		},
		"trip": {
		  "tripId": "567479",
		  "routeId": "66",
		  "directionId": null,
		  "startTime": null,
		  "startDate": "20171203",
		  "scheduleRelationship": "NOT_SPECIFIED"
		},
		"vehicle": {
		  "id": "2623",
		  "label": "1603",
		  "licensePlate": null
		}
	  }
	},
	"1607": {
	  "isDeleted": false,
	  "tripUpdate": [],
	  "vehiclePosition": {
		"currentStopSequence": null,
		"stopId": null,
		"currentStatus": "IN_TRANSIT_TO",
		"timestamp": 1512360475,
		"congestionLevel": "NOT_SPECIFIED",
		"occupancyStatus": "NOT_SPECIFIED",
		"position": {
		  "latitude": 47.657230377197,
		  "longitude": -117.41348266602,
		  "bearing": 90,
		  "odometer": null,
		  "speed": null
		},
		"trip": {
		  "tripId": "568085",
		  "routeId": "90",
		  "directionId": null,
		  "startTime": null,
		  "startDate": "20171203",
		  "scheduleRelationship": "NOT_SPECIFIED"
		},
		"vehicle": {
		  "id": "2627",
		  "label": "1607",
		  "licensePlate": null
		}
	  }
	},
	"2713": {
	  "isDeleted": false,
	  "tripUpdate": [],
	  "vehiclePosition": {
		"currentStopSequence": null,
		"stopId": null,
		"currentStatus": "IN_TRANSIT_TO",
		"timestamp": 1512360502,
		"congestionLevel": "NOT_SPECIFIED",
		"occupancyStatus": "NOT_SPECIFIED",
		"position": {
		  "latitude": 47.6787109375,
		  "longitude": -117.28254699707,
		  "bearing": 90,
		  "odometer": null,
		  "speed": 2.5890467441059e-6
		},
		"trip": {
		  "tripId": "565085",
		  "routeId": "32",
		  "directionId": null,
		  "startTime": null,
		  "startDate": "20171203",
		  "scheduleRelationship": "NOT_SPECIFIED"
		},
		"vehicle": {
		  "id": "2713",
		  "label": "2713",
		  "licensePlate": null
		}
	  }
	},
	"2715": {
	  "isDeleted": false,
	  "tripUpdate": [],
	  "vehiclePosition": {
		"currentStopSequence": null,
		"stopId": null,
		"currentStatus": "IN_TRANSIT_TO",
		"timestamp": 1512360500,
		"congestionLevel": "NOT_SPECIFIED",
		"occupancyStatus": "NOT_SPECIFIED",
		"position": {
		  "latitude": 47.685329437256,
		  "longitude": -117.29341888428,
		  "bearing": 180,
		  "odometer": null,
		  "speed": 3.452062173892e-6
		},
		"trip": {
		  "tripId": "568319",
		  "routeId": "94",
		  "directionId": null,
		  "startTime": null,
		  "startDate": "20171203",
		  "scheduleRelationship": "NOT_SPECIFIED"
		},
		"vehicle": {
		  "id": "2715",
		  "label": "2715",
		  "licensePlate": null
		}
	  }
	},
	"2962": {
	  "isDeleted": false,
	  "tripUpdate": [],
	  "vehiclePosition": {
		"currentStopSequence": null,
		"stopId": null,
		"currentStatus": "IN_TRANSIT_TO",
		"timestamp": 1512360474,
		"congestionLevel": "NOT_SPECIFIED",
		"occupancyStatus": "NOT_SPECIFIED",
		"position": {
		  "latitude": 47.729351043701,
		  "longitude": -117.41116333008,
		  "bearing": null,
		  "odometer": null,
		  "speed": 1.726031086946e-7
		},
		"trip": {
		  "tripId": "564159",
		  "routeId": "25",
		  "directionId": null,
		  "startTime": null,
		  "startDate": "20171203",
		  "scheduleRelationship": "NOT_SPECIFIED"
		},
		"vehicle": {
		  "id": "2962",
		  "label": "2962",
		  "licensePlate": null
		}
	  }
	},
	"10710": {
	  "isDeleted": false,
	  "tripUpdate": [],
	  "vehiclePosition": {
		"currentStopSequence": null,
		"stopId": null,
		"currentStatus": "IN_TRANSIT_TO",
		"timestamp": 1512360493,
		"congestionLevel": "NOT_SPECIFIED",
		"occupancyStatus": "NOT_SPECIFIED",
		"position": {
		  "latitude": 47.712001800537,
		  "longitude": -117.3952331543,
		  "bearing": null,
		  "odometer": null,
		  "speed": 3.452062173892e-6
		},
		"trip": {
		  "tripId": "564721",
		  "routeId": "28",
		  "directionId": null,
		  "startTime": null,
		  "startDate": "20171203",
		  "scheduleRelationship": "NOT_SPECIFIED"
		},
		"vehicle": {
		  "id": "3210",
		  "label": "10710",
		  "licensePlate": null
		}
	  }
	},
	"568084": {
	  "isDeleted": false,
	  "tripUpdate": {
		"timestamp": 1512360473,
		"delay": null,
		"trip": {
		  "tripId": "568084",
		  "routeId": "90",
		  "directionId": null,
		  "startTime": null,
		  "startDate": "20171203",
		  "scheduleRelationship": "NOT_SPECIFIED"
		},
		"vehicle": {
		  "id": "2172",
		  "label": "7002",
		  "licensePlate": null
		},
		"stopTimeUpdateList": [
		  {
			"stopSeqeuence": 25,
			"stopId": "APPVISEF",
			"departure": {
			  "delay": 240,
			  "time": 1512359965,
			  "uncertainty": null
			},
			"scheduleRelationship": "SCHEDULED"
		  },
		  {
			"stopSeqeuence": 26,
			"stopId": "APPSAREN",
			"departure": {
			  "delay": 240,
			  "time": 1512360035,
			  "uncertainty": null
			},
			"scheduleRelationship": "SCHEDULED"
		  },
		  {
			"stopSeqeuence": 27,
			"stopId": "APPDISEN",
			"departure": {
			  "delay": 240,
			  "time": 1512360104,
			  "uncertainty": null
			},
			"scheduleRelationship": "SCHEDULED"
		  },
		  {
			"stopSeqeuence": 28,
			"stopId": "APPDISEF",
			"departure": {
			  "delay": 240,
			  "time": 1512360161,
			  "uncertainty": null
			},
			"scheduleRelationship": "SCHEDULED"
		  },
		  {
			"stopSeqeuence": 29,
			"stopId": "APPFAREN",
			"departure": {
			  "delay": 240,
			  "time": 1512360236,
			  "uncertainty": null
			},
			"scheduleRelationship": "SCHEDULED"
		  },
		  {
			"stopSeqeuence": 30,
			"stopId": "APPDAREN",
			"departure": {
			  "delay": 240,
			  "time": 1512360327,
			  "uncertainty": null
			},
			"scheduleRelationship": "SCHEDULED"
		  },
		  {
			"stopSeqeuence": 31,
			"stopId": "APPUNIEN",
			"departure": {
			  "delay": 240,
			  "time": 1512360426,
			  "uncertainty": null
			},
			"scheduleRelationship": "SCHEDULED"
		  },
		  {
			"stopSeqeuence": 32,
			"stopId": "VTC",
			"arrival": {
			  "delay": 240,
			  "time": 1512360540,
			  "uncertainty": null
			},
			"scheduleRelationship": "SCHEDULED"
		  }
		]
	  },
	  "vehiclePosition": []
	},
	"569100": {
	  "isDeleted": false,
	  "tripUpdate": {
		"timestamp": null,
		"delay": null,
		"trip": {
		  "tripId": "569100",
		  "routeId": "98",
		  "directionId": null,
		  "startTime": null,
		  "startDate": "20171203",
		  "scheduleRelationship": "NOT_SPECIFIED"
		},
		"vehicle": {
		  "id": "2172",
		  "label": "7002",
		  "licensePlate": null
		},
		"stopTimeUpdateList": [
		  {
			"stopSeqeuence": 1,
			"stopId": "VTC",
			"departure": {
			  "delay": null,
			  "time": 1512360600,
			  "uncertainty": null
			},
			"scheduleRelationship": "SCHEDULED"
		  },
		  {
			"stopSeqeuence": 2,
			"stopId": "SPRUNIEF",
			"departure": {
			  "delay": null,
			  "time": 1512360677,
			  "uncertainty": null
			},
			"scheduleRelationship": "SCHEDULED"
		  },
		  {
			"stopSeqeuence": 3,
			"stopId": "SPRGILEN",
			"departure": {
			  "delay": null,
			  "time": 1512360697,
			  "uncertainty": null
			},
			"scheduleRelationship": "SCHEDULED"
		  },
		  {
			"stopSeqeuence": 4,
			"stopId": "SPRBOWEF",
			"departure": {
			  "delay": null,
			  "time": 1512360755,
			  "uncertainty": null
			},
			"scheduleRelationship": "SCHEDULED"
		  },
		  {
			"stopSeqeuence": 5,
			"stopId": "SPRFOXEN",
			"departure": {
			  "delay": null,
			  "time": 1512360779,
			  "uncertainty": null
			},
			"scheduleRelationship": "SCHEDULED"
		  },
		  {
			"stopSeqeuence": 6,
			"stopId": "SPRPEREN",
			"departure": {
			  "delay": null,
			  "time": 1512360800,
			  "uncertainty": null
			},
			"scheduleRelationship": "SCHEDULED"
		  },
		  {
			"stopSeqeuence": 7,
			"stopId": "SPRPINEF",
			"departure": {
			  "delay": null,
			  "time": 1512360840,
			  "uncertainty": null
			},
			"scheduleRelationship": "SCHEDULED"
		  },
		  {
			"stopSeqeuence": 8,
			"stopId": "SP12816E",
			"departure": {
			  "delay": null,
			  "time": 1512360911,
			  "uncertainty": null
			},
			"scheduleRelationship": "SCHEDULED"
		  },
		  {
			"stopSeqeuence": 9,
			"stopId": "SPRMCDEF",
			"departure": {
			  "delay": null,
			  "time": 1512360961,
			  "uncertainty": null
			},
			"scheduleRelationship": "SCHEDULED"
		  },
		  {
			"stopSeqeuence": 10,
			"stopId": "SPRMAYEN",
			"departure": {
			  "delay": null,
			  "time": 1512361034,
			  "uncertainty": null
			},
			"scheduleRelationship": "SCHEDULED"
		  },
		  {
			"stopSeqeuence": 11,
			"stopId": "SPREVEEF",
			"departure": {
			  "delay": null,
			  "time": 1512361078,
			  "uncertainty": null
			},
			"scheduleRelationship": "SCHEDULED"
		  },
		  {
			"stopSeqeuence": 12,
			"stopId": "SPRBESEF",
			"departure": {
			  "delay": null,
			  "time": 1512361144,
			  "uncertainty": null
			},
			"scheduleRelationship": "SCHEDULED"
		  },
		  {
			"stopSeqeuence": 13,
			"stopId": "SPRADAEF",
			"departure": {
			  "delay": null,
			  "time": 1512361198,
			  "uncertainty": null
			},
			"scheduleRelationship": "SCHEDULED"
		  },
		  {
			"stopSeqeuence": 14,
			"stopId": "SPRPROEN",
			"departure": {
			  "delay": null,
			  "time": 1512361246,
			  "uncertainty": null
			},
			"scheduleRelationship": "SCHEDULED"
		  },
		  {
			"stopSeqeuence": 15,
			"stopId": "SPRSULEF",
			"departure": {
			  "delay": null,
			  "time": 1512361320,
			  "uncertainty": null
			},
			"scheduleRelationship": "SCHEDULED"
		  },
		  {
			"stopSeqeuence": 16,
			"stopId": "SP15808E",
			"departure": {
			  "delay": null,
			  "time": 1512361348,
			  "uncertainty": null
			},
			"scheduleRelationship": "SCHEDULED"
		  },
		  {
			"stopSeqeuence": 17,
			"stopId": "SPRCONEF",
			"departure": {
			  "delay": null,
			  "time": 1512361392,
			  "uncertainty": null
			},
			"scheduleRelationship": "SCHEDULED"
		  },
		  {
			"stopSeqeuence": 18,
			"stopId": "SP16720E",
			"departure": {
			  "delay": null,
			  "time": 1512361439,
			  "uncertainty": null
			},
			"scheduleRelationship": "SCHEDULED"
		  },
		  {
			"stopSeqeuence": 19,
			"stopId": "SPRFLOEN",
			"departure": {
			  "delay": null,
			  "time": 1512361465,
			  "uncertainty": null
			},
			"scheduleRelationship": "SCHEDULED"
		  },
		  {
			"stopSeqeuence": 20,
			"stopId": "APPCOREN",
			"departure": {
			  "delay": null,
			  "time": 1512361513,
			  "uncertainty": null
			},
			"scheduleRelationship": "SCHEDULED"
		  },
		  {
			"stopSeqeuence": 21,
			"stopId": "APPLONEN",
			"departure": {
			  "delay": null,
			  "time": 1512361546,
			  "uncertainty": null
			},
			"scheduleRelationship": "SCHEDULED"
		  },
		  {
			"stopSeqeuence": 22,
			"stopId": "APPGREEN",
			"departure": {
			  "delay": null,
			  "time": 1512361581,
			  "uncertainty": null
			},
			"scheduleRelationship": "SCHEDULED"
		  },
		  {
			"stopSeqeuence": 23,
			"stopId": "BARAPPNF",
			"departure": {
			  "delay": null,
			  "time": 1512361625,
			  "uncertainty": null
			},
			"scheduleRelationship": "SCHEDULED"
		  },
		  {
			"stopSeqeuence": 24,
			"stopId": "BARALKNN",
			"departure": {
			  "delay": null,
			  "time": 1512361643,
			  "uncertainty": null
			},
			"scheduleRelationship": "SCHEDULED"
		  },
		  {
			"stopSeqeuence": 25,
			"stopId": "BARBOONN",
			"departure": {
			  "delay": null,
			  "time": 1512361698,
			  "uncertainty": null
			},
			"scheduleRelationship": "SCHEDULED"
		  },
		  {
			"stopSeqeuence": 26,
			"stopId": "BARMISNN",
			"departure": {
			  "delay": null,
			  "time": 1512361740,
			  "uncertainty": null
			},
			"scheduleRelationship": "SCHEDULED"
		  },
		  {
			"stopSeqeuence": 27,
			"stopId": "MISHAREN",
			"departure": {
			  "delay": null,
			  "time": 1512361779,
			  "uncertainty": null
			},
			"scheduleRelationship": "SCHEDULED"
		  },
		  {
			"stopSeqeuence": 28,
			"stopId": "MISGRAEN",
			"departure": {
			  "delay": null,
			  "time": 1512361831,
			  "uncertainty": null
			},
			"scheduleRelationship": "SCHEDULED"
		  },
		  {
			"stopSeqeuence": 29,
			"stopId": "MISHOLEN",
			"departure": {
			  "delay": null,
			  "time": 1512361917,
			  "uncertainty": null
			},
			"scheduleRelationship": "SCHEDULED"
		  },
		  {
			"stopSeqeuence": 30,
			"stopId": "MISBITEN",
			"departure": {
			  "delay": null,
			  "time": 1512362168,
			  "uncertainty": null
			},
			"scheduleRelationship": "SCHEDULED"
		  },
		  {
			"stopSeqeuence": 31,
			"stopId": "LIBAPPSM",
			"departure": {
			  "delay": null,
			  "time": 1512362301,
			  "uncertainty": null
			},
			"scheduleRelationship": "SCHEDULED"
		  },
		  {
			"stopSeqeuence": 32,
			"stopId": "COULIBEF",
			"departure": {
			  "delay": null,
			  "time": 1512362336,
			  "uncertainty": null
			},
			"scheduleRelationship": "SCHEDULED"
		  },
		  {
			"stopSeqeuence": 33,
			"stopId": "LIBPKR",
			"departure": {
			  "delay": null,
			  "time": 1512362400,
			  "uncertainty": null
			},
			"scheduleRelationship": "SCHEDULED"
		  }
		]
	  },
	  "vehiclePosition": []
	},
	"563770": {
	  "isDeleted": false,
	  "tripUpdate": {
		"timestamp": 1512360474,
		"delay": null,
		"trip": {
		  "tripId": "563770",
		  "routeId": "24",
		  "directionId": null,
		  "startTime": null,
		  "startDate": "20171203",
		  "scheduleRelationship": "NOT_SPECIFIED"
		},
		"vehicle": {
		  "id": "2407",
		  "label": "1407",
		  "licensePlate": null
		},
		"stopTimeUpdateList": [
		  {
			"stopSeqeuence": 15,
			"stopId": "MONQUENN",
			"departure": {
			  "delay": -60,
			  "time": 1512360067,
			  "uncertainty": null
			},
			"scheduleRelationship": "SCHEDULED"
		  },
		  {
			"stopSeqeuence": 16,
			"stopId": "MONROWNN",
			"departure": {
			  "delay": -60,
			  "time": 1512360132,
			  "uncertainty": null
			},
			"scheduleRelationship": "SCHEDULED"
		  },
		  {
			"stopSeqeuence": 17,
			"stopId": "MONCOLNN",
			"departure": {
			  "delay": -60,
			  "time": 1512360179,
			  "uncertainty": null
			},
			"scheduleRelationship": "SCHEDULED"
		  },
		  {
			"stopSeqeuence": 18,
			"stopId": "MODALNN",
			"departure": {
			  "delay": -60,
			  "time": 1512360228,
			  "uncertainty": null
			},
			"scheduleRelationship": "SCHEDULED"
		  },
		  {
			"stopSeqeuence": 19,
			"stopId": "FRAMONWF",
			"departure": {
			  "delay": -60,
			  "time": 1512360266,
			  "uncertainty": null
			},
			"scheduleRelationship": "SCHEDULED"
		  },
		  {
			"stopSeqeuence": 20,
			"stopId": "FRAJEFWF",
			"departure": {
			  "delay": -60,
			  "time": 1512360311,
			  "uncertainty": null
			},
			"scheduleRelationship": "SCHEDULED"
		  },
		  {
			"stopSeqeuence": 21,
			"stopId": "5MILPR",
			"departure": {
			  "delay": null,
			  "time": 1512360540,
			  "uncertainty": null
			},
			"scheduleRelationship": "SCHEDULED"
		  }
		]
	  },
	  "vehiclePosition": []
	},
	"565109": {
	  "isDeleted": false,
	  "tripUpdate": {
		"timestamp": 1512360485,
		"delay": null,
		"trip": {
		  "tripId": "565109",
		  "routeId": "32",
		  "directionId": null,
		  "startTime": null,
		  "startDate": "20171203",
		  "scheduleRelationship": "NOT_SPECIFIED"
		},
		"vehicle": {
		  "id": "2606",
		  "label": "2606",
		  "licensePlate": null
		},
		"stopTimeUpdateList": [
		  {
			"stopSeqeuence": 21,
			"stopId": "TRELILWN",
			"departure": {
			  "delay": -60,
			  "time": 1512359854,
			  "uncertainty": null
			},
			"scheduleRelationship": "SCHEDULED"
		  },
		  {
			"stopSeqeuence": 22,
			"stopId": "TREBRAWN",
			"departure": {
			  "delay": -60,
			  "time": 1512359893,
			  "uncertainty": null
			},
			"scheduleRelationship": "SCHEDULED"
		  },
		  {
			"stopSeqeuence": 23,
			"stopId": "TREDOLWF",
			"departure": {
			  "delay": -60,
			  "time": 1512359941,
			  "uncertainty": null
			},
			"scheduleRelationship": "SCHEDULED"
		  },
		  {
			"stopSeqeuence": 24,
			"stopId": "TRE6300W",
			"departure": {
			  "delay": -60,
			  "time": 1512359968,
			  "uncertainty": null
			},
			"scheduleRelationship": "SCHEDULED"
		  },
		  {
			"stopSeqeuence": 25,
			"stopId": "TREFANWN",
			"departure": {
			  "delay": -60,
			  "time": 1512360013,
			  "uncertainty": null
			},
			"scheduleRelationship": "SCHEDULED"
		  },
		  {
			"stopSeqeuence": 26,
			"stopId": "TREKORWN",
			"departure": {
			  "delay": -60,
			  "time": 1512360039,
			  "uncertainty": null
			},
			"scheduleRelationship": "SCHEDULED"
		  },
		  {
			"stopSeqeuence": 27,
			"stopId": "TREAIRWN",
			"departure": {
			  "delay": -60,
			  "time": 1512360066,
			  "uncertainty": null
			},
			"scheduleRelationship": "SCHEDULED"
		  },
		  {
			"stopSeqeuence": 28,
			"stopId": "TREBYRWN",
			"departure": {
			  "delay": -60,
			  "time": 1512360111,
			  "uncertainty": null
			},
			"scheduleRelationship": "SCHEDULED"
		  },
		  {
			"stopSeqeuence": 29,
			"stopId": "TREWATWN",
			"departure": {
			  "delay": -60,
			  "time": 1512360142,
			  "uncertainty": null
			},
			"scheduleRelationship": "SCHEDULED"
		  },
		  {
			"stopSeqeuence": 30,
			"stopId": "TRE4503W",
			"departure": {
			  "delay": -60,
			  "time": 1512360164,
			  "uncertainty": null
			},
			"scheduleRelationship": "SCHEDULED"
		  },
		  {
			"stopSeqeuence": 31,
			"stopId": "TREHAVWN",
			"departure": {
			  "delay": -60,
			  "time": 1512360213,
			  "uncertainty": null
			},
			"scheduleRelationship": "SCHEDULED"
		  },
		  {
			"stopSeqeuence": 32,
			"stopId": "TREFLOWN",
			"departure": {
			  "delay": -60,
			  "time": 1512360242,
			  "uncertainty": null
			},
			"scheduleRelationship": "SCHEDULED"
		  },
		  {
			"stopSeqeuence": 33,
			"stopId": "TREJULWC",
			"departure": {
			  "delay": -60,
			  "time": 1512360270,
			  "uncertainty": null
			},
			"scheduleRelationship": "SCHEDULED"
		  },
		  {
			"stopSeqeuence": 34,
			"stopId": "FRETRENF",
			"departure": {
			  "delay": -60,
			  "time": 1512360339,
			  "uncertainty": null
			},
			"scheduleRelationship": "SCHEDULED"
		  },
		  {
			"stopSeqeuence": 35,
			"stopId": "GREMISNN",
			"departure": {
			  "delay": -60,
			  "time": 1512360395,
			  "uncertainty": null
			},
			"scheduleRelationship": "SCHEDULED"
		  },
		  {
			"stopSeqeuence": 36,
			"stopId": "GREAUGNM",
			"departure": {
			  "delay": -60,
			  "time": 1512360417,
			  "uncertainty": null
			},
			"scheduleRelationship": "SCHEDULED"
		  },
		  {
			"stopSeqeuence": 37,
			"stopId": "SCC",
			"departure": {
			  "delay": null,
			  "time": 1512360540,
			  "uncertainty": null
			},
			"scheduleRelationship": "SCHEDULED"
		  }
		]
	  },
	  "vehiclePosition": []
	},
	"564559": {
	  "isDeleted": false,
	  "tripUpdate": {
		"timestamp": 1512360501,
		"delay": null,
		"trip": {
		  "tripId": "564559",
		  "routeId": "27",
		  "directionId": null,
		  "startTime": null,
		  "startDate": "20171203",
		  "scheduleRelationship": "NOT_SPECIFIED"
		},
		"vehicle": {
		  "id": "2611",
		  "label": "2611",
		  "licensePlate": null
		},
		"stopTimeUpdateList": [
		  {
			"stopSeqeuence": 47,
			"stopId": "FRAWHIWN",
			"departure": {
			  "delay": 120,
			  "time": 1512360510,
			  "uncertainty": null
			},
			"scheduleRelationship": "SCHEDULED"
		  },
		  {
			"stopSeqeuence": 48,
			"stopId": "FRAWALWN",
			"departure": {
			  "delay": 120,
			  "time": 1512360620,
			  "uncertainty": null
			},
			"scheduleRelationship": "SCHEDULED"
		  },
		  {
			"stopSeqeuence": 49,
			"stopId": "FRAMONWF",
			"departure": {
			  "delay": 120,
			  "time": 1512360707,
			  "uncertainty": null
			},
			"scheduleRelationship": "SCHEDULED"
		  },
		  {
			"stopSeqeuence": 50,
			"stopId": "FRAJEFWF",
			"departure": {
			  "delay": 120,
			  "time": 1512360786,
			  "uncertainty": null
			},
			"scheduleRelationship": "SCHEDULED"
		  },
		  {
			"stopSeqeuence": 51,
			"stopId": "FRACEDWF",
			"departure": {
			  "delay": 120,
			  "time": 1512360871,
			  "uncertainty": null
			},
			"scheduleRelationship": "SCHEDULED"
		  },
		  {
			"stopSeqeuence": 52,
			"stopId": "5MILPR",
			"departure": {
			  "delay": 120,
			  "time": 1512361080,
			  "uncertainty": null
			},
			"scheduleRelationship": "SCHEDULED"
		  }
		]
	  },
	  "vehiclePosition": []
	},
	"565622": {
	  "isDeleted": false,
	  "tripUpdate": {
		"timestamp": null,
		"delay": null,
		"trip": {
		  "tripId": "565622",
		  "routeId": "34",
		  "directionId": null,
		  "startTime": null,
		  "startDate": "20171203",
		  "scheduleRelationship": "NOT_SPECIFIED"
		},
		"vehicle": {
		  "id": "2614",
		  "label": "2614",
		  "licensePlate": null
		},
		"stopTimeUpdateList": [
		  {
			"stopSeqeuence": 1,
			"stopId": "SHPR",
			"departure": {
			  "delay": null,
			  "time": 1512360660,
			  "uncertainty": null
			},
			"scheduleRelationship": "SCHEDULED"
		  },
		  {
			"stopSeqeuence": 2,
			"stopId": "29TSOUEF",
			"departure": {
			  "delay": null,
			  "time": 1512360714,
			  "uncertainty": null
			},
			"scheduleRelationship": "SCHEDULED"
		  },
		  {
			"stopSeqeuence": 3,
			"stopId": "29TREGEF",
			"departure": {
			  "delay": null,
			  "time": 1512360775,
			  "uncertainty": null
			},
			"scheduleRelationship": "SCHEDULED"
		  },
		  {
			"stopSeqeuence": 4,
			"stopId": "29TRAYEN",
			"departure": {
			  "delay": null,
			  "time": 1512360818,
			  "uncertainty": null
			},
			"scheduleRelationship": "SCHEDULED"
		  },
		  {
			"stopSeqeuence": 5,
			"stopId": "29TTHOEN",
			"departure": {
			  "delay": null,
			  "time": 1512360843,
			  "uncertainty": null
			},
			"scheduleRelationship": "SCHEDULED"
		  },
		  {
			"stopSeqeuence": 6,
			"stopId": "FRE28TNN",
			"departure": {
			  "delay": null,
			  "time": 1512360885,
			  "uncertainty": null
			},
			"scheduleRelationship": "SCHEDULED"
		  },
		  {
			"stopSeqeuence": 7,
			"stopId": "FRE24TNN",
			"departure": {
			  "delay": null,
			  "time": 1512360933,
			  "uncertainty": null
			},
			"scheduleRelationship": "SCHEDULED"
		  },
		  {
			"stopSeqeuence": 8,
			"stopId": "FRE22NNN",
			"departure": {
			  "delay": null,
			  "time": 1512360957,
			  "uncertainty": null
			},
			"scheduleRelationship": "SCHEDULED"
		  },
		  {
			"stopSeqeuence": 9,
			"stopId": "FRECONNN",
			"departure": {
			  "delay": null,
			  "time": 1512360984,
			  "uncertainty": null
			},
			"scheduleRelationship": "SCHEDULED"
		  },
		  {
			"stopSeqeuence": 10,
			"stopId": "18TFREWF",
			"departure": {
			  "delay": null,
			  "time": 1512361028,
			  "uncertainty": null
			},
			"scheduleRelationship": "SCHEDULED"
		  },
		  {
			"stopSeqeuence": 11,
			"stopId": "RAY18TNF",
			"departure": {
			  "delay": null,
			  "time": 1512361080,
			  "uncertainty": null
			},
			"scheduleRelationship": "SCHEDULED"
		  },
		  {
			"stopSeqeuence": 12,
			"stopId": "RAY15TNN",
			"departure": {
			  "delay": null,
			  "time": 1512361109,
			  "uncertainty": null
			},
			"scheduleRelationship": "SCHEDULED"
		  },
		  {
			"stopSeqeuence": 13,
			"stopId": "THO8THNN",
			"departure": {
			  "delay": null,
			  "time": 1512361184,
			  "uncertainty": null
			},
			"scheduleRelationship": "SCHEDULED"
		  },
		  {
			"stopSeqeuence": 14,
			"stopId": "HARFEREM",
			"departure": {
			  "delay": null,
			  "time": 1512361213,
			  "uncertainty": null
			},
			"scheduleRelationship": "SCHEDULED"
		  },
		  {
			"stopSeqeuence": 15,
			"stopId": "FRY5THNN",
			"departure": {
			  "delay": null,
			  "time": 1512361238,
			  "uncertainty": null
			},
			"scheduleRelationship": "SCHEDULED"
		  },
		  {
			"stopSeqeuence": 16,
			"stopId": "FRE3RDNN",
			"departure": {
			  "delay": null,
			  "time": 1512361257,
			  "uncertainty": null
			},
			"scheduleRelationship": "SCHEDULED"
		  },
		  {
			"stopSeqeuence": 17,
			"stopId": "3RDMYREN",
			"departure": {
			  "delay": null,
			  "time": 1512361296,
			  "uncertainty": null
			},
			"scheduleRelationship": "SCHEDULED"
		  },
		  {
			"stopSeqeuence": 18,
			"stopId": "HAV3RDNN",
			"departure": {
			  "delay": null,
			  "time": 1512361348,
			  "uncertainty": null
			},
			"scheduleRelationship": "SCHEDULED"
		  },
		  {
			"stopSeqeuence": 19,
			"stopId": "HAVSPRNN",
			"departure": {
			  "delay": null,
			  "time": 1512361380,
			  "uncertainty": null
			},
			"scheduleRelationship": "SCHEDULED"
		  },
		  {
			"stopSeqeuence": 20,
			"stopId": "HAVFERNC",
			"departure": {
			  "delay": null,
			  "time": 1512361457,
			  "uncertainty": null
			},
			"scheduleRelationship": "SCHEDULED"
		  },
		  {
			"stopSeqeuence": 21,
			"stopId": "HAVALKNN",
			"departure": {
			  "delay": null,
			  "time": 1512361484,
			  "uncertainty": null
			},
			"scheduleRelationship": "SCHEDULED"
		  },
		  {
			"stopSeqeuence": 22,
			"stopId": "BROHAVWF",
			"departure": {
			  "delay": null,
			  "time": 1512361542,
			  "uncertainty": null
			},
			"scheduleRelationship": "SCHEDULED"
		  },
		  {
			"stopSeqeuence": 23,
			"stopId": "ALKALKWN",
			"departure": {
			  "delay": null,
			  "time": 1512361655,
			  "uncertainty": null
			},
			"scheduleRelationship": "SCHEDULED"
		  },
		  {
			"stopSeqeuence": 24,
			"stopId": "FRETRENF",
			"departure": {
			  "delay": null,
			  "time": 1512361843,
			  "uncertainty": null
			},
			"scheduleRelationship": "SCHEDULED"
		  },
		  {
			"stopSeqeuence": 25,
			"stopId": "GREMISNN",
			"departure": {
			  "delay": null,
			  "time": 1512361932,
			  "uncertainty": null
			},
			"scheduleRelationship": "SCHEDULED"
		  },
		  {
			"stopSeqeuence": 26,
			"stopId": "GREAUGNM",
			"departure": {
			  "delay": null,
			  "time": 1512361966,
			  "uncertainty": null
			},
			"scheduleRelationship": "SCHEDULED"
		  },
		  {
			"stopSeqeuence": 27,
			"stopId": "SCC",
			"departure": {
			  "delay": null,
			  "time": 1512362040,
			  "uncertainty": null
			},
			"scheduleRelationship": "SCHEDULED"
		  }
		]
	  },
	  "vehiclePosition": []
	},
	"567156": {
	  "isDeleted": false,
	  "tripUpdate": {
		"timestamp": 1512360476,
		"delay": null,
		"trip": {
		  "tripId": "567156",
		  "routeId": "61",
		  "directionId": null,
		  "startTime": null,
		  "startDate": "20171203",
		  "scheduleRelationship": "NOT_SPECIFIED"
		},
		"vehicle": {
		  "id": "2621",
		  "label": "1601",
		  "licensePlate": null
		},
		"stopTimeUpdateList": [
		  {
			"stopSeqeuence": 32,
			"stopId": "HWYLUNWF",
			"departure": {
			  "delay": 360,
			  "time": 1512360450,
			  "uncertainty": null
			},
			"scheduleRelationship": "SCHEDULED"
		  },
		  {
			"stopSeqeuence": 33,
			"stopId": "HWYWESWN",
			"departure": {
			  "delay": 360,
			  "time": 1512360473,
			  "uncertainty": null
			},
			"scheduleRelationship": "SCHEDULED"
		  },
		  {
			"stopSeqeuence": 34,
			"stopId": "HWYCRAWF",
			"departure": {
			  "delay": 360,
			  "time": 1512360505,
			  "uncertainty": null
			},
			"scheduleRelationship": "SCHEDULED"
		  },
		  {
			"stopSeqeuence": 35,
			"stopId": "FAFB",
			"departure": {
			  "delay": 360,
			  "time": 1512360720,
			  "uncertainty": null
			},
			"scheduleRelationship": "SCHEDULED"
		  }
		]
	  },
	  "vehiclePosition": []
	},
	"567695": {
	  "isDeleted": false,
	  "tripUpdate": {
		"timestamp": null,
		"delay": null,
		"trip": {
		  "tripId": "567695",
		  "routeId": "68",
		  "directionId": null,
		  "startTime": null,
		  "startDate": "20171203",
		  "scheduleRelationship": "NOT_SPECIFIED"
		},
		"vehicle": {
		  "id": "2623",
		  "label": "1603",
		  "licensePlate": null
		},
		"stopTimeUpdateList": [
		  {
			"stopSeqeuence": 1,
			"stopId": "EWU",
			"departure": {
			  "delay": null,
			  "time": 1512360600,
			  "uncertainty": null
			},
			"scheduleRelationship": "SCHEDULED"
		  },
		  {
			"stopSeqeuence": 2,
			"stopId": "ELMCSTEN",
			"departure": {
			  "delay": null,
			  "time": 1512360633,
			  "uncertainty": null
			},
			"scheduleRelationship": "SCHEDULED"
		  },
		  {
			"stopSeqeuence": 3,
			"stopId": "CST5THSN",
			"departure": {
			  "delay": null,
			  "time": 1512360687,
			  "uncertainty": null
			},
			"scheduleRelationship": "SCHEDULED"
		  },
		  {
			"stopSeqeuence": 4,
			"stopId": "5THCOLSF",
			"departure": {
			  "delay": null,
			  "time": 1512360729,
			  "uncertainty": null
			},
			"scheduleRelationship": "SCHEDULED"
		  },
		  {
			"stopSeqeuence": 5,
			"stopId": "FST6THNN",
			"departure": {
			  "delay": null,
			  "time": 1512360756,
			  "uncertainty": null
			},
			"scheduleRelationship": "SCHEDULED"
		  },
		  {
			"stopSeqeuence": 6,
			"stopId": "GST7THNN",
			"departure": {
			  "delay": null,
			  "time": 1512360792,
			  "uncertainty": null
			},
			"scheduleRelationship": "SCHEDULED"
		  },
		  {
			"stopSeqeuence": 7,
			"stopId": "7THISTSN",
			"departure": {
			  "delay": null,
			  "time": 1512360825,
			  "uncertainty": null
			},
			"scheduleRelationship": "SCHEDULED"
		  },
		  {
			"stopSeqeuence": 8,
			"stopId": "7THWASSN",
			"departure": {
			  "delay": null,
			  "time": 1512360867,
			  "uncertainty": null
			},
			"scheduleRelationship": "SCHEDULED"
		  },
		  {
			"stopSeqeuence": 9,
			"stopId": "WAS7THSM",
			"departure": {
			  "delay": null,
			  "time": 1512360881,
			  "uncertainty": null
			},
			"scheduleRelationship": "SCHEDULED"
		  },
		  {
			"stopSeqeuence": 10,
			"stopId": "WAS3RDSF",
			"departure": {
			  "delay": null,
			  "time": 1512360944,
			  "uncertainty": null
			},
			"scheduleRelationship": "SCHEDULED"
		  },
		  {
			"stopSeqeuence": 11,
			"stopId": "KSTPRW",
			"departure": {
			  "delay": null,
			  "time": 1512361020,
			  "uncertainty": null
			},
			"scheduleRelationship": "SCHEDULED"
		  },
		  {
			"stopSeqeuence": 12,
			"stopId": "1STUNINN",
			"departure": {
			  "delay": null,
			  "time": 1512361062,
			  "uncertainty": null
			},
			"scheduleRelationship": "SCHEDULED"
		  },
		  {
			"stopSeqeuence": 13,
			"stopId": "1STGSTNN",
			"departure": {
			  "delay": null,
			  "time": 1512361097,
			  "uncertainty": null
			},
			"scheduleRelationship": "SCHEDULED"
		  },
		  {
			"stopSeqeuence": 14,
			"stopId": "1STDSTNF",
			"departure": {
			  "delay": null,
			  "time": 1512361139,
			  "uncertainty": null
			},
			"scheduleRelationship": "SCHEDULED"
		  },
		  {
			"stopSeqeuence": 15,
			"stopId": "1STASTNN",
			"departure": {
			  "delay": null,
			  "time": 1512361169,
			  "uncertainty": null
			},
			"scheduleRelationship": "SCHEDULED"
		  },
		  {
			"stopSeqeuence": 16,
			"stopId": "1STCALNN",
			"departure": {
			  "delay": null,
			  "time": 1512361192,
			  "uncertainty": null
			},
			"scheduleRelationship": "SCHEDULED"
		  },
		  {
			"stopSeqeuence": 17,
			"stopId": "1STPINNN",
			"departure": {
			  "delay": null,
			  "time": 1512361222,
			  "uncertainty": null
			},
			"scheduleRelationship": "SCHEDULED"
		  },
		  {
			"stopSeqeuence": 18,
			"stopId": "1STVINNF",
			"departure": {
			  "delay": null,
			  "time": 1512361250,
			  "uncertainty": null
			},
			"scheduleRelationship": "SCHEDULED"
		  },
		  {
			"stopSeqeuence": 19,
			"stopId": "1STCHENF",
			"departure": {
			  "delay": null,
			  "time": 1512361314,
			  "uncertainty": null
			},
			"scheduleRelationship": "SCHEDULED"
		  },
		  {
			"stopSeqeuence": 20,
			"stopId": "1STCOLNN",
			"departure": {
			  "delay": null,
			  "time": 1512361329,
			  "uncertainty": null
			},
			"scheduleRelationship": "SCHEDULED"
		  },
		  {
			"stopSeqeuence": 21,
			"stopId": "BETSR9EN",
			"departure": {
			  "delay": null,
			  "time": 1512361500,
			  "uncertainty": null
			},
			"scheduleRelationship": "SCHEDULED"
		  }
		]
	  },
	  "vehiclePosition": []
	},
	"568085": {
	  "isDeleted": false,
	  "tripUpdate": {
		"timestamp": 1512360475,
		"delay": null,
		"trip": {
		  "tripId": "568085",
		  "routeId": "90",
		  "directionId": null,
		  "startTime": null,
		  "startDate": "20171203",
		  "scheduleRelationship": "NOT_SPECIFIED"
		},
		"vehicle": {
		  "id": "2627",
		  "label": "1607",
		  "licensePlate": null
		},
		"stopTimeUpdateList": [
		  {
			"stopSeqeuence": 2,
			"stopId": "RIVWASEN",
			"departure": {
			  "delay": 60,
			  "time": 1512360410,
			  "uncertainty": null
			},
			"scheduleRelationship": "SCHEDULED"
		  },
		  {
			"stopSeqeuence": 3,
			"stopId": "SPRBROEN",
			"departure": {
			  "delay": 60,
			  "time": 1512360468,
			  "uncertainty": null
			},
			"scheduleRelationship": "SCHEDULED"
		  },
		  {
			"stopSeqeuence": 4,
			"stopId": "SPRDIVEN",
			"departure": {
			  "delay": 60,
			  "time": 1512360488,
			  "uncertainty": null
			},
			"scheduleRelationship": "SCHEDULED"
		  },
		  {
			"stopSeqeuence": 5,
			"stopId": "SPRCOWEN",
			"departure": {
			  "delay": 60,
			  "time": 1512360518,
			  "uncertainty": null
			},
			"scheduleRelationship": "SCHEDULED"
		  },
		  {
			"stopSeqeuence": 6,
			"stopId": "SPRSHEEF",
			"departure": {
			  "delay": 60,
			  "time": 1512360571,
			  "uncertainty": null
			},
			"scheduleRelationship": "SCHEDULED"
		  },
		  {
			"stopSeqeuence": 7,
			"stopId": "SPROKEEN",
			"departure": {
			  "delay": 60,
			  "time": 1512360650,
			  "uncertainty": null
			},
			"scheduleRelationship": "SCHEDULED"
		  },
		  {
			"stopSeqeuence": 8,
			"stopId": "SPRIVOEF",
			"departure": {
			  "delay": 60,
			  "time": 1512360679,
			  "uncertainty": null
			},
			"scheduleRelationship": "SCHEDULED"
		  },
		  {
			"stopSeqeuence": 9,
			"stopId": "SPRHELEN",
			"departure": {
			  "delay": 60,
			  "time": 1512360728,
			  "uncertainty": null
			},
			"scheduleRelationship": "SCHEDULED"
		  },
		  {
			"stopSeqeuence": 10,
			"stopId": "SPRNAPEN",
			"departure": {
			  "delay": 60,
			  "time": 1512360787,
			  "uncertainty": null
			},
			"scheduleRelationship": "SCHEDULED"
		  },
		  {
			"stopSeqeuence": 11,
			"stopId": "SPRALTEN",
			"departure": {
			  "delay": 60,
			  "time": 1512360846,
			  "uncertainty": null
			},
			"scheduleRelationship": "SCHEDULED"
		  },
		  {
			"stopSeqeuence": 12,
			"stopId": "SPRLACEN",
			"departure": {
			  "delay": 60,
			  "time": 1512360891,
			  "uncertainty": null
			},
			"scheduleRelationship": "SCHEDULED"
		  },
		  {
			"stopSeqeuence": 13,
			"stopId": "SPRHAVEN",
			"departure": {
			  "delay": 60,
			  "time": 1512360929,
			  "uncertainty": null
			},
			"scheduleRelationship": "SCHEDULED"
		  },
		  {
			"stopSeqeuence": 14,
			"stopId": "SPRGREEF",
			"departure": {
			  "delay": 60,
			  "time": 1512360962,
			  "uncertainty": null
			},
			"scheduleRelationship": "SCHEDULED"
		  },
		  {
			"stopSeqeuence": 15,
			"stopId": "SPRFREEN",
			"departure": {
			  "delay": 60,
			  "time": 1512361020,
			  "uncertainty": null
			},
			"scheduleRelationship": "SCHEDULED"
		  },
		  {
			"stopSeqeuence": 16,
			"stopId": "SPRREBEM",
			"departure": {
			  "delay": 60,
			  "time": 1512361064,
			  "uncertainty": null
			},
			"scheduleRelationship": "SCHEDULED"
		  },
		  {
			"stopSeqeuence": 17,
			"stopId": "SPRHAEN",
			"departure": {
			  "delay": 60,
			  "time": 1512361140,
			  "uncertainty": null
			},
			"scheduleRelationship": "SCHEDULED"
		  },
		  {
			"stopSeqeuence": 18,
			"stopId": "SPRCUSEN",
			"departure": {
			  "delay": 60,
			  "time": 1512361176,
			  "uncertainty": null
			},
			"scheduleRelationship": "SCHEDULED"
		  },
		  {
			"stopSeqeuence": 19,
			"stopId": "SPRCAREF",
			"departure": {
			  "delay": 60,
			  "time": 1512361217,
			  "uncertainty": null
			},
			"scheduleRelationship": "SCHEDULED"
		  },
		  {
			"stopSeqeuence": 20,
			"stopId": "SPRHOWEC",
			"departure": {
			  "delay": 60,
			  "time": 1512361262,
			  "uncertainty": null
			},
			"scheduleRelationship": "SCHEDULED"
		  },
		  {
			"stopSeqeuence": 21,
			"stopId": "SPRFANEN",
			"departure": {
			  "delay": 60,
			  "time": 1512361280,
			  "uncertainty": null
			},
			"scheduleRelationship": "SCHEDULED"
		  },
		  {
			"stopSeqeuence": 22,
			"stopId": "APPTHEEN",
			"departure": {
			  "delay": 60,
			  "time": 1512361357,
			  "uncertainty": null
			},
			"scheduleRelationship": "SCHEDULED"
		  },
		  {
			"stopSeqeuence": 23,
			"stopId": "APPCOLEN",
			"departure": {
			  "delay": 60,
			  "time": 1512361395,
			  "uncertainty": null
			},
			"scheduleRelationship": "SCHEDULED"
		  },
		  {
			"stopSeqeuence": 24,
			"stopId": "APPPAREF",
			"departure": {
			  "delay": 60,
			  "time": 1512361440,
			  "uncertainty": null
			},
			"scheduleRelationship": "SCHEDULED"
		  },
		  {
			"stopSeqeuence": 25,
			"stopId": "APPVISEF",
			"departure": {
			  "delay": 60,
			  "time": 1512361548,
			  "uncertainty": null
			},
			"scheduleRelationship": "SCHEDULED"
		  },
		  {
			"stopSeqeuence": 26,
			"stopId": "APPSAREN",
			"departure": {
			  "delay": 60,
			  "time": 1512361600,
			  "uncertainty": null
			},
			"scheduleRelationship": "SCHEDULED"
		  },
		  {
			"stopSeqeuence": 27,
			"stopId": "APPDISEN",
			"departure": {
			  "delay": 60,
			  "time": 1512361652,
			  "uncertainty": null
			},
			"scheduleRelationship": "SCHEDULED"
		  },
		  {
			"stopSeqeuence": 28,
			"stopId": "APPDISEF",
			"departure": {
			  "delay": 60,
			  "time": 1512361694,
			  "uncertainty": null
			},
			"scheduleRelationship": "SCHEDULED"
		  },
		  {
			"stopSeqeuence": 29,
			"stopId": "APPFAREN",
			"departure": {
			  "delay": 60,
			  "time": 1512361750,
			  "uncertainty": null
			},
			"scheduleRelationship": "SCHEDULED"
		  },
		  {
			"stopSeqeuence": 30,
			"stopId": "APPDAREN",
			"departure": {
			  "delay": 60,
			  "time": 1512361818,
			  "uncertainty": null
			},
			"scheduleRelationship": "SCHEDULED"
		  },
		  {
			"stopSeqeuence": 31,
			"stopId": "APPUNIEN",
			"departure": {
			  "delay": 60,
			  "time": 1512361892,
			  "uncertainty": null
			},
			"scheduleRelationship": "SCHEDULED"
		  },
		  {
			"stopSeqeuence": 32,
			"stopId": "VTC",
			"arrival": {
			  "delay": 60,
			  "time": 1512361980,
			  "uncertainty": null
			},
			"scheduleRelationship": "SCHEDULED"
		  }
		]
	  },
	  "vehiclePosition": []
	},
	"568504": {
	  "isDeleted": false,
	  "tripUpdate": {
		"timestamp": null,
		"delay": null,
		"trip": {
		  "tripId": "568504",
		  "routeId": "95",
		  "directionId": null,
		  "startTime": null,
		  "startDate": "20171203",
		  "scheduleRelationship": "NOT_SPECIFIED"
		},
		"vehicle": {
		  "id": "2627",
		  "label": "1607",
		  "licensePlate": null
		},
		"stopTimeUpdateList": [
		  {
			"stopSeqeuence": 1,
			"stopId": "VTC",
			"departure": {
			  "delay": null,
			  "time": 1512361980,
			  "uncertainty": null
			},
			"scheduleRelationship": "SCHEDULED"
		  },
		  {
			"stopSeqeuence": 2,
			"stopId": "UNIMAINN",
			"departure": {
			  "delay": null,
			  "time": 1512362059,
			  "uncertainty": null
			},
			"scheduleRelationship": "SCHEDULED"
		  },
		  {
			"stopSeqeuence": 3,
			"stopId": "UNIBRONN",
			"departure": {
			  "delay": null,
			  "time": 1512362119,
			  "uncertainty": null
			},
			"scheduleRelationship": "SCHEDULED"
		  },
		  {
			"stopSeqeuence": 4,
			"stopId": "BROPIEEN",
			"departure": {
			  "delay": null,
			  "time": 1512362159,
			  "uncertainty": null
			},
			"scheduleRelationship": "SCHEDULED"
		  },
		  {
			"stopSeqeuence": 5,
			"stopId": "BROBOWEN",
			"departure": {
			  "delay": null,
			  "time": 1512362198,
			  "uncertainty": null
			},
			"scheduleRelationship": "SCHEDULED"
		  },
		  {
			"stopSeqeuence": 6,
			"stopId": "BROPEREN",
			"departure": {
			  "delay": null,
			  "time": 1512362242,
			  "uncertainty": null
			},
			"scheduleRelationship": "SCHEDULED"
		  },
		  {
			"stopSeqeuence": 7,
			"stopId": "BROPINEN",
			"departure": {
			  "delay": null,
			  "time": 1512362280,
			  "uncertainty": null
			},
			"scheduleRelationship": "SCHEDULED"
		  },
		  {
			"stopSeqeuence": 8,
			"stopId": "BROVEREN",
			"departure": {
			  "delay": null,
			  "time": 1512362318,
			  "uncertainty": null
			},
			"scheduleRelationship": "SCHEDULED"
		  },
		  {
			"stopSeqeuence": 9,
			"stopId": "BROMCDEN",
			"departure": {
			  "delay": null,
			  "time": 1512362354,
			  "uncertainty": null
			},
			"scheduleRelationship": "SCHEDULED"
		  },
		  {
			"stopSeqeuence": 10,
			"stopId": "BROBLAEN",
			"departure": {
			  "delay": null,
			  "time": 1512362391,
			  "uncertainty": null
			},
			"scheduleRelationship": "SCHEDULED"
		  },
		  {
			"stopSeqeuence": 11,
			"stopId": "BROEVEEN",
			"departure": {
			  "delay": null,
			  "time": 1512362428,
			  "uncertainty": null
			},
			"scheduleRelationship": "SCHEDULED"
		  },
		  {
			"stopSeqeuence": 12,
			"stopId": "BROBESEN",
			"departure": {
			  "delay": null,
			  "time": 1512362465,
			  "uncertainty": null
			},
			"scheduleRelationship": "SCHEDULED"
		  },
		  {
			"stopSeqeuence": 13,
			"stopId": "BROADAEN",
			"departure": {
			  "delay": null,
			  "time": 1512362502,
			  "uncertainty": null
			},
			"scheduleRelationship": "SCHEDULED"
		  },
		  {
			"stopSeqeuence": 14,
			"stopId": "BROPROEF",
			"departure": {
			  "delay": null,
			  "time": 1512362539,
			  "uncertainty": null
			},
			"scheduleRelationship": "SCHEDULED"
		  },
		  {
			"stopSeqeuence": 15,
			"stopId": "BROSULEN",
			"departure": {
			  "delay": null,
			  "time": 1512362580,
			  "uncertainty": null
			},
			"scheduleRelationship": "SCHEDULED"
		  }
		]
	  },
	  "vehiclePosition": []
	},
	"565085": {
	  "isDeleted": false,
	  "tripUpdate": {
		"timestamp": 1512360502,
		"delay": null,
		"trip": {
		  "tripId": "565085",
		  "routeId": "32",
		  "directionId": null,
		  "startTime": null,
		  "startDate": "20171203",
		  "scheduleRelationship": "NOT_SPECIFIED"
		},
		"vehicle": {
		  "id": "2713",
		  "label": "2713",
		  "licensePlate": null
		},
		"stopTimeUpdateList": [
		  {
			"stopSeqeuence": 18,
			"stopId": "TREELLEF",
			"departure": {
			  "delay": 60,
			  "time": 1512360353,
			  "uncertainty": null
			},
			"scheduleRelationship": "SCHEDULED"
		  },
		  {
			"stopSeqeuence": 19,
			"stopId": "TREVISEF",
			"departure": {
			  "delay": 60,
			  "time": 1512360400,
			  "uncertainty": null
			},
			"scheduleRelationship": "SCHEDULED"
		  },
		  {
			"stopSeqeuence": 20,
			"stopId": "TREDALEF",
			"departure": {
			  "delay": 60,
			  "time": 1512360468,
			  "uncertainty": null
			},
			"scheduleRelationship": "SCHEDULED"
		  },
		  {
			"stopSeqeuence": 21,
			"stopId": "MOTARGEF",
			"departure": {
			  "delay": 60,
			  "time": 1512360540,
			  "uncertainty": null
			},
			"scheduleRelationship": "SCHEDULED"
		  },
		  {
			"stopSeqeuence": 22,
			"stopId": "ARVILAGE",
			"departure": {
			  "delay": 60,
			  "time": 1512360562,
			  "uncertainty": null
			},
			"scheduleRelationship": "SCHEDULED"
		  },
		  {
			"stopSeqeuence": 23,
			"stopId": "MONLOCEF",
			"departure": {
			  "delay": 60,
			  "time": 1512360588,
			  "uncertainty": null
			},
			"scheduleRelationship": "SCHEDULED"
		  },
		  {
			"stopSeqeuence": 24,
			"stopId": "MONWODEN",
			"departure": {
			  "delay": 60,
			  "time": 1512360634,
			  "uncertainty": null
			},
			"scheduleRelationship": "SCHEDULED"
		  },
		  {
			"stopSeqeuence": 25,
			"stopId": "MON10316",
			"departure": {
			  "delay": 60,
			  "time": 1512360710,
			  "uncertainty": null
			},
			"scheduleRelationship": "SCHEDULED"
		  },
		  {
			"stopSeqeuence": 26,
			"stopId": "MONOBEEF",
			"departure": {
			  "delay": 60,
			  "time": 1512360729,
			  "uncertainty": null
			},
			"scheduleRelationship": "SCHEDULED"
		  },
		  {
			"stopSeqeuence": 27,
			"stopId": "MONVANEC",
			"departure": {
			  "delay": 60,
			  "time": 1512360765,
			  "uncertainty": null
			},
			"scheduleRelationship": "SCHEDULED"
		  },
		  {
			"stopSeqeuence": 28,
			"stopId": "MONJACEN",
			"departure": {
			  "delay": 60,
			  "time": 1512360783,
			  "uncertainty": null
			},
			"scheduleRelationship": "SCHEDULED"
		  },
		  {
			"stopSeqeuence": 29,
			"stopId": "MONCAREC",
			"departure": {
			  "delay": 60,
			  "time": 1512360834,
			  "uncertainty": null
			},
			"scheduleRelationship": "SCHEDULED"
		  },
		  {
			"stopSeqeuence": 30,
			"stopId": "MANWILEF",
			"departure": {
			  "delay": 60,
			  "time": 1512360892,
			  "uncertainty": null
			},
			"scheduleRelationship": "SCHEDULED"
		  },
		  {
			"stopSeqeuence": 31,
			"stopId": "MANPEREN",
			"departure": {
			  "delay": 60,
			  "time": 1512360921,
			  "uncertainty": null
			},
			"scheduleRelationship": "SCHEDULED"
		  },
		  {
			"stopSeqeuence": 32,
			"stopId": "MANCHEEN",
			"departure": {
			  "delay": 60,
			  "time": 1512360975,
			  "uncertainty": null
			},
			"scheduleRelationship": "SCHEDULED"
		  },
		  {
			"stopSeqeuence": 33,
			"stopId": "MANRIVEF",
			"departure": {
			  "delay": 60,
			  "time": 1512361048,
			  "uncertainty": null
			},
			"scheduleRelationship": "SCHEDULED"
		  },
		  {
			"stopSeqeuence": 34,
			"stopId": "MANDISEN",
			"departure": {
			  "delay": 60,
			  "time": 1512361116,
			  "uncertainty": null
			},
			"scheduleRelationship": "SCHEDULED"
		  },
		  {
			"stopSeqeuence": 35,
			"stopId": "MIRABEAW",
			"departure": {
			  "delay": 60,
			  "time": 1512361200,
			  "uncertainty": null
			},
			"scheduleRelationship": "SCHEDULED"
		  }
		]
	  },
	  "vehiclePosition": []
	},
	"568319": {
	  "isDeleted": false,
	  "tripUpdate": {
		"timestamp": 1512360500,
		"delay": null,
		"trip": {
		  "tripId": "568319",
		  "routeId": "94",
		  "directionId": null,
		  "startTime": null,
		  "startDate": "20171203",
		  "scheduleRelationship": "NOT_SPECIFIED"
		},
		"vehicle": {
		  "id": "2715",
		  "label": "2715",
		  "licensePlate": null
		},
		"stopTimeUpdateList": [
		  {
			"stopSeqeuence": 40,
			"stopId": "ARGKNONN",
			"departure": {
			  "delay": -120,
			  "time": 1512360101,
			  "uncertainty": null
			},
			"scheduleRelationship": "SCHEDULED"
		  },
		  {
			"stopSeqeuence": 41,
			"stopId": "ARGTRENF",
			"departure": {
			  "delay": -120,
			  "time": 1512360197,
			  "uncertainty": null
			},
			"scheduleRelationship": "SCHEDULED"
		  },
		  {
			"stopSeqeuence": 42,
			"stopId": "ARGGRANN",
			"departure": {
			  "delay": -120,
			  "time": 1512360230,
			  "uncertainty": null
			},
			"scheduleRelationship": "SCHEDULED"
		  },
		  {
			"stopSeqeuence": 43,
			"stopId": "LIBMAREN",
			"departure": {
			  "delay": -120,
			  "time": 1512360347,
			  "uncertainty": null
			},
			"scheduleRelationship": "SCHEDULED"
		  },
		  {
			"stopSeqeuence": 44,
			"stopId": "VISFAISN",
			"departure": {
			  "delay": -120,
			  "time": 1512360525,
			  "uncertainty": null
			},
			"scheduleRelationship": "SCHEDULED"
		  },
		  {
			"stopSeqeuence": 45,
			"stopId": "BUCDALEF",
			"departure": {
			  "delay": null,
			  "time": 1512360780,
			  "uncertainty": null
			},
			"scheduleRelationship": "SCHEDULED"
		  }
		]
	  },
	  "vehiclePosition": []
	},
	"564159": {
	  "isDeleted": false,
	  "tripUpdate": {
		"timestamp": 1512360474,
		"delay": null,
		"trip": {
		  "tripId": "564159",
		  "routeId": "25",
		  "directionId": null,
		  "startTime": null,
		  "startDate": "20171203",
		  "scheduleRelationship": "NOT_SPECIFIED"
		},
		"vehicle": {
		  "id": "2962",
		  "label": "2962",
		  "licensePlate": null
		},
		"stopTimeUpdateList": [
		  {
			"stopSeqeuence": 19,
			"stopId": "DIVLYONN",
			"departure": {
			  "delay": -60,
			  "time": 1512360338,
			  "uncertainty": null
			},
			"scheduleRelationship": "SCHEDULED"
		  },
		  {
			"stopSeqeuence": 20,
			"stopId": "DIVWEINF",
			"departure": {
			  "delay": -60,
			  "time": 1512360387,
			  "uncertainty": null
			},
			"scheduleRelationship": "SCHEDULED"
		  },
		  {
			"stopSeqeuence": 21,
			"stopId": "DIVCOZNN",
			"departure": {
			  "delay": -60,
			  "time": 1512360407,
			  "uncertainty": null
			},
			"scheduleRelationship": "SCHEDULED"
		  },
		  {
			"stopSeqeuence": 22,
			"stopId": "DIVLINNN",
			"departure": {
			  "delay": -60,
			  "time": 1512360461,
			  "uncertainty": null
			},
			"scheduleRelationship": "SCHEDULED"
		  },
		  {
			"stopSeqeuence": 23,
			"stopId": "DIVMAGNN",
			"departure": {
			  "delay": null,
			  "time": 1512360600,
			  "uncertainty": null
			},
			"scheduleRelationship": "SCHEDULED"
		  },
		  {
			"stopSeqeuence": 24,
			"stopId": "NEW9222N",
			"departure": {
			  "delay": null,
			  "time": 1512360695,
			  "uncertainty": null
			},
			"scheduleRelationship": "SCHEDULED"
		  },
		  {
			"stopSeqeuence": 25,
			"stopId": "NEWGRANF",
			"departure": {
			  "delay": null,
			  "time": 1512360812,
			  "uncertainty": null
			},
			"scheduleRelationship": "SCHEDULED"
		  },
		  {
			"stopSeqeuence": 26,
			"stopId": "HAWHW2WF",
			"departure": {
			  "delay": null,
			  "time": 1512360879,
			  "uncertainty": null
			},
			"scheduleRelationship": "SCHEDULED"
		  },
		  {
			"stopSeqeuence": 27,
			"stopId": "HAWDIVWN",
			"departure": {
			  "delay": null,
			  "time": 1512360968,
			  "uncertainty": null
			},
			"scheduleRelationship": "SCHEDULED"
		  },
		  {
			"stopSeqeuence": 28,
			"stopId": "HASPR",
			"departure": {
			  "delay": null,
			  "time": 1512361320,
			  "uncertainty": null
			},
			"scheduleRelationship": "SCHEDULED"
		  }
		]
	  },
	  "vehiclePosition": []
	},
	"564721": {
	  "isDeleted": false,
	  "tripUpdate": {
		"timestamp": 1512360493,
		"delay": null,
		"trip": {
		  "tripId": "564721",
		  "routeId": "28",
		  "directionId": null,
		  "startTime": null,
		  "startDate": "20171203",
		  "scheduleRelationship": "NOT_SPECIFIED"
		},
		"vehicle": {
		  "id": "3210",
		  "label": "10710",
		  "licensePlate": null
		},
		"stopTimeUpdateList": [
		  {
			"stopSeqeuence": 23,
			"stopId": "NEVOLYNN",
			"departure": {
			  "delay": null,
			  "time": 1512360339,
			  "uncertainty": null
			},
			"scheduleRelationship": "SCHEDULED"
		  },
		  {
			"stopSeqeuence": 24,
			"stopId": "NEVEVENN",
			"departure": {
			  "delay": null,
			  "time": 1512360383,
			  "uncertainty": null
			},
			"scheduleRelationship": "SCHEDULED"
		  },
		  {
			"stopSeqeuence": 25,
			"stopId": "NEVROWNN",
			"departure": {
			  "delay": null,
			  "time": 1512360418,
			  "uncertainty": null
			},
			"scheduleRelationship": "SCHEDULED"
		  },
		  {
			"stopSeqeuence": 26,
			"stopId": "NEVJOSNN",
			"departure": {
			  "delay": null,
			  "time": 1512360449,
			  "uncertainty": null
			},
			"scheduleRelationship": "SCHEDULED"
		  },
		  {
			"stopSeqeuence": 27,
			"stopId": "NEVCENNN",
			"departure": {
			  "delay": null,
			  "time": 1512360478,
			  "uncertainty": null
			},
			"scheduleRelationship": "SCHEDULED"
		  },
		  {
			"stopSeqeuence": 28,
			"stopId": "NEVDALNN",
			"departure": {
			  "delay": null,
			  "time": 1512360507,
			  "uncertainty": null
			},
			"scheduleRelationship": "SCHEDULED"
		  },
		  {
			"stopSeqeuence": 29,
			"stopId": "NEVFRANN",
			"departure": {
			  "delay": null,
			  "time": 1512360540,
			  "uncertainty": null
			},
			"scheduleRelationship": "SCHEDULED"
		  },
		  {
			"stopSeqeuence": 30,
			"stopId": "NEVLYONN",
			"departure": {
			  "delay": null,
			  "time": 1512360569,
			  "uncertainty": null
			},
			"scheduleRelationship": "SCHEDULED"
		  },
		  {
			"stopSeqeuence": 31,
			"stopId": "NEVCOZNN",
			"departure": {
			  "delay": null,
			  "time": 1512360609,
			  "uncertainty": null
			},
			"scheduleRelationship": "SCHEDULED"
		  },
		  {
			"stopSeqeuence": 32,
			"stopId": "NEVSHANN",
			"departure": {
			  "delay": null,
			  "time": 1512360625,
			  "uncertainty": null
			},
			"scheduleRelationship": "SCHEDULED"
		  },
		  {
			"stopSeqeuence": 33,
			"stopId": "NEVLINNN",
			"departure": {
			  "delay": null,
			  "time": 1512360657,
			  "uncertainty": null
			},
			"scheduleRelationship": "SCHEDULED"
		  },
		  {
			"stopSeqeuence": 34,
			"stopId": "NEVSTTNN",
			"departure": {
			  "delay": null,
			  "time": 1512360687,
			  "uncertainty": null
			},
			"scheduleRelationship": "SCHEDULED"
		  },
		  {
			"stopSeqeuence": 35,
			"stopId": "NEVMAGNN",
			"departure": {
			  "delay": null,
			  "time": 1512360720,
			  "uncertainty": null
			},
			"scheduleRelationship": "SCHEDULED"
		  },
		  {
			"stopSeqeuence": 36,
			"stopId": "NEVJAYNN",
			"departure": {
			  "delay": null,
			  "time": 1512360780,
			  "uncertainty": null
			},
			"scheduleRelationship": "SCHEDULED"
		  },
		  {
			"stopSeqeuence": 37,
			"stopId": "NEVHOLNN",
			"departure": {
			  "delay": null,
			  "time": 1512360845,
			  "uncertainty": null
			},
			"scheduleRelationship": "SCHEDULED"
		  },
		  {
			"stopSeqeuence": 38,
			"stopId": "NEVWESNN",
			"departure": {
			  "delay": null,
			  "time": 1512360875,
			  "uncertainty": null
			},
			"scheduleRelationship": "SCHEDULED"
		  },
		  {
			"stopSeqeuence": 39,
			"stopId": "NEV9832N",
			"departure": {
			  "delay": null,
			  "time": 1512360909,
			  "uncertainty": null
			},
			"scheduleRelationship": "SCHEDULED"
		  },
		  {
			"stopSeqeuence": 40,
			"stopId": "HAWNEVWN",
			"departure": {
			  "delay": null,
			  "time": 1512360977,
			  "uncertainty": null
			},
			"scheduleRelationship": "SCHEDULED"
		  },
		  {
			"stopSeqeuence": 41,
			"stopId": "HAWNEWWN",
			"departure": {
			  "delay": null,
			  "time": 1512361023,
			  "uncertainty": null
			},
			"scheduleRelationship": "SCHEDULED"
		  },
		  {
			"stopSeqeuence": 42,
			"stopId": "HAWDIVWN",
			"departure": {
			  "delay": null,
			  "time": 1512361060,
			  "uncertainty": null
			},
			"scheduleRelationship": "SCHEDULED"
		  },
		  {
			"stopSeqeuence": 43,
			"stopId": "HAWWHIWN",
			"departure": {
			  "delay": null,
			  "time": 1512361110,
			  "uncertainty": null
			},
			"scheduleRelationship": "SCHEDULED"
		  },
		  {
			"stopSeqeuence": 44,
			"stopId": "WHITCOL",
			"departure": {
			  "delay": null,
			  "time": 1512361140,
			  "uncertainty": null
			},
			"scheduleRelationship": "SCHEDULED"
		  }
		]
	  },
	  "vehiclePosition": []
	}
  }
}